Date,Account,Person,Source,Actor Type,CRM Priority,Role Track,Intent,Topic,Signal,Value,Action,Status,Notes
2026-06-15,Beacon Orthopaedics & Sports Medicine,Michael Slemons,LinkedIn,person,A,Workflow Owner,market,recovery_dynamics,Recent activity review and follow confirmed,5,follow,done,Director of Sports Medicine Outreach
2026-06-15,Beacon Orthopaedics & Sports Medicine,Beacon Company Page,LinkedIn,company,A,Unknown,market,rehab workflow,PT post and company page monitoring,4,follow,done,Company page followed
2026-06-15,Beacon Orthopaedics & Sports Medicine,Beacon Company PT Post,LinkedIn,company,A,Unknown,experience,recovery_dynamics,PT onboarding and patient engagement theme,3,comment,done,Light non-vendor comment posted from Joyce
2026-06-15,Beacon Orthopaedics & Sports Medicine,Andy Blankemeyer,LinkedIn,person,A,Budget Owner,market,unknown,Role drift detected,2,ignore,done,Current profile shows CEO at Monte Nido not Beacon
2026-06-15,Beacon Orthopaedics & Sports Medicine,Open rehab or operations target,CRM,person,A,Clinical Validator,market,rehab workflow,Need current Beacon validator or operator,5,save,queued,Search current clinical director or ops owner next
2026-06-15,Industry Thinker,Anthony Vennare,LinkedIn,person,B,Industry Thinker,market,human performance regulation,Relevant health/performance thinker followed from search results,4,follow,done,Founder at Fitt Insider and Wellworthy
2026-06-15,Science Graph,National Nanotechnology Initiative,LinkedIn,company,B,Industry Thinker,research,graphene science,Relevant nanotechnology page followed to reinforce new science identity,4,follow,done,Opened real page and confirmed Following
2026-06-15,Ortho Network,OrthoAlliance,LinkedIn,company,B,Industry Thinker,market,clinical operations,Relevant ortho management page now in graph,3,follow,done,Search results show Following
2026-06-15,Beacon Orthopaedics & Sports Medicine,Michelle Parker,LinkedIn,person,A,Workflow Owner,market,rehab workflow,Physical Therapy Manager identified as strongest direct workflow candidate,5,save,done,Monitor first due low-frequency LinkedIn policy
2026-06-15,Beacon Orthopaedics & Sports Medicine,Kenneth Price,LinkedIn,person,A,Budget Owner,market,clinical operations,Beacon Surgery Centers CEO identified as operations-side monitor target,4,save,done,Public activity mostly older reposts
2026-06-15,Beacon Orthopaedics & Sports Medicine,Rebecca Jehn,LinkedIn,person,B,Clinical Validator,research,orthopedic PT credibility,High-credibility PT validator found but Beacon route appears indirect,3,save,done,Useful validator archetype not best direct route
